2023-10-01,October 1 2023 Daily Report,Sample content
2023-10-02,October 2 2023 Daily Report,Sample content
2023-10-03,October 3 2023 Daily Report,Sample content
2023-10-04,October 4 2023 Daily Report,Sample content
2023-10-05,October 5 2023 Daily Report,Sample content
2023-10-06,October 6 2023 Daily Report,Sample content
2023-10-07,October 7 2023 Daily Report,Sample content
2023-10-08,October 8 2023 Daily Report,Sample content
2023-10-09,October 9 2023 Daily Report,Sample content
2023-10-10,October 10 2023 Daily Report,Sample content
2023-10-11,October 11 2023 Daily Report,Sample content
2023-10-12,October 12 2023 Daily Report,Sample content
2023-10-13,October 13 2023 Daily Report,Sample content
2023-10-14,October 14 2023 Daily Report,Sample content
2023-10-15,October 15 2023 Daily Report,Sample content
2023-10-16,October 16 2023 Daily Report,Sample content
2023-10-17,October 17 2023 Daily Report,Sample content
2023-10-18,October 18 2023 Daily Report,Sample content
2023-10-19,October 19 2023 Daily Report,Sample content
2023-10-20,October 20 2023 Daily Report,Sample content
2023-10-21,October 21 2023 Daily Report,Sample content
2023-10-22,October 22 2023 Daily Report,Sample content
2023-10-23,October 23 2023 Daily Report,Sample content
2023-10-24,October 24 2023 Daily Report,Sample content
2023-10-25,October 25 2023 Daily Report,Sample content
2023-10-26,October 26 2023 Daily Report,Sample content
2023-10-27,October 27 2023 Daily Report,Sample content
2023-10-28,October 28 2023 Daily Report,Sample content
2023-10-29,October 29 2023 Daily Report,Sample content
2023-10-30,October 30 2023 Daily Report,Sample content
2023-10-31,October 31 2023 Daily Report,Sample content
