2021-04-01,April 1 2021 Daily Report,Sample content
2021-04-02,April 2 2021 Daily Report,Sample content
2021-04-03,April 3 2021 Daily Report,Sample content
2021-04-04,April 4 2021 Daily Report,Sample content
2021-04-05,April 5 2021 Daily Report,Sample content
2021-04-06,April 6 2021 Daily Report,Sample content
2021-04-07,April 7 2021 Daily Report,Sample content
2021-04-08,April 8 2021 Daily Report,Sample content
2021-04-09,April 9 2021 Daily Report,Sample content
2021-04-10,April 10 2021 Daily Report,Sample content
2021-04-11,April 11 2021 Daily Report,Sample content
2021-04-12,April 12 2021 Daily Report,Sample content
2021-04-13,April 13 2021 Daily Report,Sample content
2021-04-14,April 14 2021 Daily Report,Sample content
2021-04-15,April 15 2021 Daily Report,Sample content
2021-04-16,April 16 2021 Daily Report,Sample content
2021-04-17,April 17 2021 Daily Report,Sample content
2021-04-18,April 18 2021 Daily Report,Sample content
2021-04-19,April 19 2021 Daily Report,Sample content
2021-04-20,April 20 2021 Daily Report,Sample content
2021-04-21,April 21 2021 Daily Report,Sample content
2021-04-22,April 22 2021 Daily Report,Sample content
2021-04-23,April 23 2021 Daily Report,Sample content
2021-04-24,April 24 2021 Daily Report,Sample content
2021-04-25,April 25 2021 Daily Report,Sample content
2021-04-26,April 26 2021 Daily Report,Sample content
2021-04-27,April 27 2021 Daily Report,Sample content
2021-04-28,April 28 2021 Daily Report,Sample content
2021-04-29,April 29 2021 Daily Report,Sample content
2021-04-30,April 30 2021 Daily Report,Sample content
