2021-07-01,July 1 2021 Daily Report,Sample content
2021-07-02,July 2 2021 Daily Report,Sample content
2021-07-03,July 3 2021 Daily Report,Sample content
2021-07-04,July 4 2021 Daily Report,Sample content
2021-07-05,July 5 2021 Daily Report,Sample content
2021-07-06,July 6 2021 Daily Report,Sample content
2021-07-07,July 7 2021 Daily Report,Sample content
2021-07-08,July 8 2021 Daily Report,Sample content
2021-07-09,July 9 2021 Daily Report,Sample content
2021-07-10,July 10 2021 Daily Report,Sample content
2021-07-11,July 11 2021 Daily Report,Sample content
2021-07-12,July 12 2021 Daily Report,Sample content
2021-07-13,July 13 2021 Daily Report,Sample content
2021-07-14,July 14 2021 Daily Report,Sample content
2021-07-15,July 15 2021 Daily Report,Sample content
2021-07-16,July 16 2021 Daily Report,Sample content
2021-07-17,July 17 2021 Daily Report,Sample content
2021-07-18,July 18 2021 Daily Report,Sample content
2021-07-19,July 19 2021 Daily Report,Sample content
2021-07-20,July 20 2021 Daily Report,Sample content
2021-07-21,July 21 2021 Daily Report,Sample content
2021-07-22,July 22 2021 Daily Report,Sample content
2021-07-23,July 23 2021 Daily Report,Sample content
2021-07-24,July 24 2021 Daily Report,Sample content
2021-07-25,July 25 2021 Daily Report,Sample content
2021-07-26,July 26 2021 Daily Report,Sample content
2021-07-27,July 27 2021 Daily Report,Sample content
2021-07-28,July 28 2021 Daily Report,Sample content
2021-07-29,July 29 2021 Daily Report,Sample content
2021-07-30,July 30 2021 Daily Report,Sample content
2021-07-31,July 31 2021 Daily Report,Sample content
