2021-11-01,November 1 2021 Daily Report,Sample content
2021-11-02,November 2 2021 Daily Report,Sample content
2021-11-03,November 3 2021 Daily Report,Sample content
2021-11-04,November 4 2021 Daily Report,Sample content
2021-11-05,November 5 2021 Daily Report,Sample content
2021-11-06,November 6 2021 Daily Report,Sample content
2021-11-07,November 7 2021 Daily Report,Sample content
2021-11-08,November 8 2021 Daily Report,Sample content
2021-11-09,November 9 2021 Daily Report,Sample content
2021-11-10,November 10 2021 Daily Report,Sample content
2021-11-11,November 11 2021 Daily Report,Sample content
2021-11-12,November 12 2021 Daily Report,Sample content
2021-11-13,November 13 2021 Daily Report,Sample content
2021-11-14,November 14 2021 Daily Report,Sample content
2021-11-15,November 15 2021 Daily Report,Sample content
2021-11-16,November 16 2021 Daily Report,Sample content
2021-11-17,November 17 2021 Daily Report,Sample content
2021-11-18,November 18 2021 Daily Report,Sample content
2021-11-19,November 19 2021 Daily Report,Sample content
2021-11-20,November 20 2021 Daily Report,Sample content
2021-11-21,November 21 2021 Daily Report,Sample content
2021-11-22,November 22 2021 Daily Report,Sample content
2021-11-23,November 23 2021 Daily Report,Sample content
2021-11-24,November 24 2021 Daily Report,Sample content
2021-11-25,November 25 2021 Daily Report,Sample content
2021-11-26,November 26 2021 Daily Report,Sample content
2021-11-27,November 27 2021 Daily Report,Sample content
2021-11-28,November 28 2021 Daily Report,Sample content
2021-11-29,November 29 2021 Daily Report,Sample content
2021-11-30,November 30 2021 Daily Report,Sample content
