2020-01-01,January 1 2020 Daily Report,Sample content
2020-01-02,January 2 2020 Daily Report,Sample content
2020-01-03,January 3 2020 Daily Report,Sample content
2020-01-04,January 4 2020 Daily Report,Sample content
2020-01-05,January 5 2020 Daily Report,Sample content
2020-01-06,January 6 2020 Daily Report,Sample content
2020-01-07,January 7 2020 Daily Report,Sample content
2020-01-08,January 8 2020 Daily Report,Sample content
2020-01-09,January 9 2020 Daily Report,Sample content
2020-01-10,January 10 2020 Daily Report,Sample content
2020-01-11,January 11 2020 Daily Report,Sample content
2020-01-12,January 12 2020 Daily Report,Sample content
2020-01-13,January 13 2020 Daily Report,Sample content
2020-01-14,January 14 2020 Daily Report,Sample content
2020-01-15,January 15 2020 Daily Report,Sample content
2020-01-16,January 16 2020 Daily Report,Sample content
2020-01-17,January 17 2020 Daily Report,Sample content
2020-01-18,January 18 2020 Daily Report,Sample content
2020-01-19,January 19 2020 Daily Report,Sample content
2020-01-20,January 20 2020 Daily Report,Sample content
2020-01-21,January 21 2020 Daily Report,Sample content
2020-01-22,January 22 2020 Daily Report,Sample content
2020-01-23,January 23 2020 Daily Report,Sample content
2020-01-24,January 24 2020 Daily Report,Sample content
2020-01-25,January 25 2020 Daily Report,Sample content
2020-01-26,January 26 2020 Daily Report,Sample content
2020-01-27,January 27 2020 Daily Report,Sample content
2020-01-28,January 28 2020 Daily Report,Sample content
2020-01-29,January 29 2020 Daily Report,Sample content
2020-01-30,January 30 2020 Daily Report,Sample content
2020-01-31,January 31 2020 Daily Report,Sample content
