2020-02-01,February 1 2020 Daily Report,Sample content
2020-02-02,February 2 2020 Daily Report,Sample content
2020-02-03,February 3 2020 Daily Report,Sample content
2020-02-04,February 4 2020 Daily Report,Sample content
2020-02-05,February 5 2020 Daily Report,Sample content
2020-02-06,February 6 2020 Daily Report,Sample content
2020-02-07,February 7 2020 Daily Report,Sample content
2020-02-08,February 8 2020 Daily Report,Sample content
2020-02-09,February 9 2020 Daily Report,Sample content
2020-02-10,February 10 2020 Daily Report,Sample content
2020-02-11,February 11 2020 Daily Report,Sample content
2020-02-12,February 12 2020 Daily Report,Sample content
2020-02-13,February 13 2020 Daily Report,Sample content
2020-02-14,February 14 2020 Daily Report,Sample content
2020-02-15,February 15 2020 Daily Report,Sample content
2020-02-16,February 16 2020 Daily Report,Sample content
2020-02-17,February 17 2020 Daily Report,Sample content
2020-02-18,February 18 2020 Daily Report,Sample content
2020-02-19,February 19 2020 Daily Report,Sample content
2020-02-20,February 20 2020 Daily Report,Sample content
2020-02-21,February 21 2020 Daily Report,Sample content
2020-02-22,February 22 2020 Daily Report,Sample content
2020-02-23,February 23 2020 Daily Report,Sample content
2020-02-24,February 24 2020 Daily Report,Sample content
2020-02-25,February 25 2020 Daily Report,Sample content
2020-02-26,February 26 2020 Daily Report,Sample content
2020-02-27,February 27 2020 Daily Report,Sample content
2020-02-28,February 28 2020 Daily Report,Sample content
2020-02-29,February 29 2020 Daily Report,Sample content
