2022-09-01,September 1 2022 Daily Report,Sample content
2022-09-02,September 2 2022 Daily Report,Sample content
2022-09-03,September 3 2022 Daily Report,Sample content
2022-09-04,September 4 2022 Daily Report,Sample content
2022-09-05,September 5 2022 Daily Report,Sample content
2022-09-06,September 6 2022 Daily Report,Sample content
2022-09-07,September 7 2022 Daily Report,Sample content
2022-09-08,September 8 2022 Daily Report,Sample content
2022-09-09,September 9 2022 Daily Report,Sample content
2022-09-10,September 10 2022 Daily Report,Sample content
2022-09-11,September 11 2022 Daily Report,Sample content
2022-09-12,September 12 2022 Daily Report,Sample content
2022-09-13,September 13 2022 Daily Report,Sample content
2022-09-14,September 14 2022 Daily Report,Sample content
2022-09-15,September 15 2022 Daily Report,Sample content
2022-09-16,September 16 2022 Daily Report,Sample content
2022-09-17,September 17 2022 Daily Report,Sample content
2022-09-18,September 18 2022 Daily Report,Sample content
2022-09-19,September 19 2022 Daily Report,Sample content
2022-09-20,September 20 2022 Daily Report,Sample content
2022-09-21,September 21 2022 Daily Report,Sample content
2022-09-22,September 22 2022 Daily Report,Sample content
2022-09-23,September 23 2022 Daily Report,Sample content
2022-09-24,September 24 2022 Daily Report,Sample content
2022-09-25,September 25 2022 Daily Report,Sample content
2022-09-26,September 26 2022 Daily Report,Sample content
2022-09-27,September 27 2022 Daily Report,Sample content
2022-09-28,September 28 2022 Daily Report,Sample content
2022-09-29,September 29 2022 Daily Report,Sample content
2022-09-30,September 30 2022 Daily Report,Sample content
