2022-05-01,May 1 2022 Daily Report,Sample content
2022-05-02,May 2 2022 Daily Report,Sample content
2022-05-03,May 3 2022 Daily Report,Sample content
2022-05-04,May 4 2022 Daily Report,Sample content
2022-05-05,May 5 2022 Daily Report,Sample content
2022-05-06,May 6 2022 Daily Report,Sample content
2022-05-07,May 7 2022 Daily Report,Sample content
2022-05-08,May 8 2022 Daily Report,Sample content
2022-05-09,May 9 2022 Daily Report,Sample content
2022-05-10,May 10 2022 Daily Report,Sample content
2022-05-11,May 11 2022 Daily Report,Sample content
2022-05-12,May 12 2022 Daily Report,Sample content
2022-05-13,May 13 2022 Daily Report,Sample content
2022-05-14,May 14 2022 Daily Report,Sample content
2022-05-15,May 15 2022 Daily Report,Sample content
2022-05-16,May 16 2022 Daily Report,Sample content
2022-05-17,May 17 2022 Daily Report,Sample content
2022-05-18,May 18 2022 Daily Report,Sample content
2022-05-19,May 19 2022 Daily Report,Sample content
2022-05-20,May 20 2022 Daily Report,Sample content
2022-05-21,May 21 2022 Daily Report,Sample content
2022-05-22,May 22 2022 Daily Report,Sample content
2022-05-23,May 23 2022 Daily Report,Sample content
2022-05-24,May 24 2022 Daily Report,Sample content
2022-05-25,May 25 2022 Daily Report,Sample content
2022-05-26,May 26 2022 Daily Report,Sample content
2022-05-27,May 27 2022 Daily Report,Sample content
2022-05-28,May 28 2022 Daily Report,Sample content
2022-05-29,May 29 2022 Daily Report,Sample content
2022-05-30,May 30 2022 Daily Report,Sample content
2022-05-31,May 31 2022 Daily Report,Sample content
