2019-08-01,August 1 2019 Daily Report,Sample content
2019-08-02,August 2 2019 Daily Report,Sample content
2019-08-03,August 3 2019 Daily Report,Sample content
2019-08-04,August 4 2019 Daily Report,Sample content
2019-08-05,August 5 2019 Daily Report,Sample content
2019-08-06,August 6 2019 Daily Report,Sample content
2019-08-07,August 7 2019 Daily Report,Sample content
2019-08-08,August 8 2019 Daily Report,Sample content
2019-08-09,August 9 2019 Daily Report,Sample content
2019-08-10,August 10 2019 Daily Report,Sample content
2019-08-11,August 11 2019 Daily Report,Sample content
2019-08-12,August 12 2019 Daily Report,Sample content
2019-08-13,August 13 2019 Daily Report,Sample content
2019-08-14,August 14 2019 Daily Report,Sample content
2019-08-15,August 15 2019 Daily Report,Sample content
2019-08-16,August 16 2019 Daily Report,Sample content
2019-08-17,August 17 2019 Daily Report,Sample content
2019-08-18,August 18 2019 Daily Report,Sample content
2019-08-19,August 19 2019 Daily Report,Sample content
2019-08-20,August 20 2019 Daily Report,Sample content
2019-08-21,August 21 2019 Daily Report,Sample content
2019-08-22,August 22 2019 Daily Report,Sample content
2019-08-23,August 23 2019 Daily Report,Sample content
2019-08-24,August 24 2019 Daily Report,Sample content
2019-08-25,August 25 2019 Daily Report,Sample content
2019-08-26,August 26 2019 Daily Report,Sample content
2019-08-27,August 27 2019 Daily Report,Sample content
2019-08-28,August 28 2019 Daily Report,Sample content
2019-08-29,August 29 2019 Daily Report,Sample content
2019-08-30,August 30 2019 Daily Report,Sample content
2019-08-31,August 31 2019 Daily Report,Sample content
