2019-03-01,March 1 2019 Daily Report,Sample content
2019-03-02,March 2 2019 Daily Report,Sample content
2019-03-03,March 3 2019 Daily Report,Sample content
2019-03-04,March 4 2019 Daily Report,Sample content
2019-03-05,March 5 2019 Daily Report,Sample content
2019-03-06,March 6 2019 Daily Report,Sample content
2019-03-07,March 7 2019 Daily Report,Sample content
2019-03-08,March 8 2019 Daily Report,Sample content
2019-03-09,March 9 2019 Daily Report,Sample content
2019-03-10,March 10 2019 Daily Report,Sample content
2019-03-11,March 11 2019 Daily Report,Sample content
2019-03-12,March 12 2019 Daily Report,Sample content
2019-03-13,March 13 2019 Daily Report,Sample content
2019-03-14,March 14 2019 Daily Report,Sample content
2019-03-15,March 15 2019 Daily Report,Sample content
2019-03-16,March 16 2019 Daily Report,Sample content
2019-03-17,March 17 2019 Daily Report,Sample content
2019-03-18,March 18 2019 Daily Report,Sample content
2019-03-19,March 19 2019 Daily Report,Sample content
2019-03-20,March 20 2019 Daily Report,Sample content
2019-03-21,March 21 2019 Daily Report,Sample content
2019-03-22,March 22 2019 Daily Report,Sample content
2019-03-23,March 23 2019 Daily Report,Sample content
2019-03-24,March 24 2019 Daily Report,Sample content
2019-03-25,March 25 2019 Daily Report,Sample content
2019-03-26,March 26 2019 Daily Report,Sample content
2019-03-27,March 27 2019 Daily Report,Sample content
2019-03-28,March 28 2019 Daily Report,Sample content
2019-03-29,March 29 2019 Daily Report,Sample content
2019-03-30,March 30 2019 Daily Report,Sample content
2019-03-31,March 31 2019 Daily Report,Sample content
