2019-12-01,December 1 2019 Daily Report,Sample content
2019-12-02,December 2 2019 Daily Report,Sample content
2019-12-03,December 3 2019 Daily Report,Sample content
2019-12-04,December 4 2019 Daily Report,Sample content
2019-12-05,December 5 2019 Daily Report,Sample content
2019-12-06,December 6 2019 Daily Report,Sample content
2019-12-07,December 7 2019 Daily Report,Sample content
2019-12-08,December 8 2019 Daily Report,Sample content
2019-12-09,December 9 2019 Daily Report,Sample content
2019-12-10,December 10 2019 Daily Report,Sample content
2019-12-11,December 11 2019 Daily Report,Sample content
2019-12-12,December 12 2019 Daily Report,Sample content
2019-12-13,December 13 2019 Daily Report,Sample content
2019-12-14,December 14 2019 Daily Report,Sample content
2019-12-15,December 15 2019 Daily Report,Sample content
2019-12-16,December 16 2019 Daily Report,Sample content
2019-12-17,December 17 2019 Daily Report,Sample content
2019-12-18,December 18 2019 Daily Report,Sample content
2019-12-19,December 19 2019 Daily Report,Sample content
2019-12-20,December 20 2019 Daily Report,Sample content
2019-12-21,December 21 2019 Daily Report,Sample content
2019-12-22,December 22 2019 Daily Report,Sample content
2019-12-23,December 23 2019 Daily Report,Sample content
2019-12-24,December 24 2019 Daily Report,Sample content
2019-12-25,December 25 2019 Daily Report,Sample content
2019-12-26,December 26 2019 Daily Report,Sample content
2019-12-27,December 27 2019 Daily Report,Sample content
2019-12-28,December 28 2019 Daily Report,Sample content
2019-12-29,December 29 2019 Daily Report,Sample content
2019-12-30,December 30 2019 Daily Report,Sample content
2019-12-31,December 31 2019 Daily Report,Sample content
