2019-06-01,June 1 2019 Daily Report,Sample content
2019-06-02,June 2 2019 Daily Report,Sample content
2019-06-03,June 3 2019 Daily Report,Sample content
2019-06-04,June 4 2019 Daily Report,Sample content
2019-06-05,June 5 2019 Daily Report,Sample content
2019-06-06,June 6 2019 Daily Report,Sample content
2019-06-07,June 7 2019 Daily Report,Sample content
2019-06-08,June 8 2019 Daily Report,Sample content
2019-06-09,June 9 2019 Daily Report,Sample content
2019-06-10,June 10 2019 Daily Report,Sample content
2019-06-11,June 11 2019 Daily Report,Sample content
2019-06-12,June 12 2019 Daily Report,Sample content
2019-06-13,June 13 2019 Daily Report,Sample content
2019-06-14,June 14 2019 Daily Report,Sample content
2019-06-15,June 15 2019 Daily Report,Sample content
2019-06-16,June 16 2019 Daily Report,Sample content
2019-06-17,June 17 2019 Daily Report,Sample content
2019-06-18,June 18 2019 Daily Report,Sample content
2019-06-19,June 19 2019 Daily Report,Sample content
2019-06-20,June 20 2019 Daily Report,Sample content
2019-06-21,June 21 2019 Daily Report,Sample content
2019-06-22,June 22 2019 Daily Report,Sample content
2019-06-23,June 23 2019 Daily Report,Sample content
2019-06-24,June 24 2019 Daily Report,Sample content
2019-06-25,June 25 2019 Daily Report,Sample content
2019-06-26,June 26 2019 Daily Report,Sample content
2019-06-27,June 27 2019 Daily Report,Sample content
2019-06-28,June 28 2019 Daily Report,Sample content
2019-06-29,June 29 2019 Daily Report,Sample content
2019-06-30,June 30 2019 Daily Report,Sample content
